<fsm>
    <state id='n0' name='5' main='true'/>
    <state id='n1' name='4' main='true'/>
    <state id='n2' name='3' main='true'/>
    <state id='n3' name='2' main='true'/>
    <state id='n4' name='1' main='true'/>
    <state id='n5' name='Start' main='false'/>
    <transition id='e0' source='n5' target='n4' name='Start'/>
    <transition id='e1' source='n4' target='n3' name='a'/>
    <transition id='e2' source='n4' target='n2' name='d' condition='@p1==0'/>
    <transition id='e3' source='n3' target='n1' name='b'/>
    <transition id='e4' source='n2' target='n0' name='e'/>
    <transition id='e5' source='n1' target='n4' name='c'/>
    <transition id='e6' source='n0' target='n2' name='f'/>
    <transition id='e7' source='n2' target='n4' name='h'/>
</fsm>